<?xml version="1.0" encoding="utf-8"?>
<edmx:Edmx Version="3.0" xmlns:edmx="http://schemas.microsoft.com/ado/2009/11/edmx">
 <!-- EF Designer content (DO NOT EDIT MANUALLY BELOW HERE) -->
  <edmx:Designer xmlns="http://schemas.microsoft.com/ado/2009/11/edmx">
    <!-- Diagram content (shape and connector positions) -->
    <edmx:Diagrams>
      <Diagram DiagramId="ab191cd2a3a64fbfb3f87be6ca0bdf83" Name="Diagram1">
        <EntityTypeShape EntityType="svorotenin_readyModel.sysdiagrams" Width="1.5" PointX="0.75" PointY="0.75" IsExpanded="true" />
        <EntityTypeShape EntityType="svorotenin_readyModel.Абонент" Width="1.5" PointX="2.75" PointY="0.75" IsExpanded="true" />
        <EntityTypeShape EntityType="svorotenin_readyModel.Разговор" Width="1.5" PointX="0.75" PointY="3.75" IsExpanded="true" />
        <EntityTypeShape EntityType="svorotenin_readyModel.Тариф" Width="1.5" PointX="2.75" PointY="3.75" IsExpanded="true" />
        <EntityTypeShape EntityType="svorotenin_readyModel.Телефон" Width="1.5" PointX="4.75" PointY="0.75" IsExpanded="true" />
      </Diagram>
    </edmx:Diagrams>
  </edmx:Designer>
</edmx:Edmx>